node_id,x_coord,y_coord,node_type,INTID,TYPE,X,Y,Z,DESCRIPTION,CBD,Inside Radius,Outside Radius,Roundabout Lanes,Circle Speed,INTID_base,TYPE_DESC
1,-111.96307321409581,33.35457378845112,External Node,1,1,9627,2165,0,,,,,,,0,External Node
2,-111.93519908559286,33.451121590775955,Signalized,2,0,18139,37296,0,,,,,,,1,Signalized
3,-111.92649187856675,33.451277927438674,Signalized,3,0,20795,37353,0,,,,,,,0,Signalized
4,-111.89347726340424,33.36629902016123,Unsignalized,4,3,30878,6433,0,,,,,,,0,Unsignalized
5,-111.95480192581462,33.44465922680451,Signalized,5,0,12159,34945,0,,,,,,,0,Signalized
6,-111.96095591342701,33.43713925486163,Signalized,6,0,10281,32209,0,,,,,,,0,Signalized
7,-111.92648276409278,33.444075121371775,Signalized,7,0,20798,34732,0,,,,,,,0,Signalized
8,-111.94338704216689,33.43769128276548,Signalized,8,0,15641,32409,0,,,,,,,0,Signalized
9,-111.93089520201363,33.440238983161954,Signalized,9,0,19452,33336,0,,,,,,,0,Signalized
10,-111.92640774714366,33.440326685976984,Signalized,10,0,20821,33368,0,,,,,,,0,Signalized
11,-111.91802940035119,33.440449474283554,Signalized,11,0,23377,33413,0,,,,,,,0,Signalized
12,-111.90958880617916,33.44037931555431,Signalized,12,0,25952,33388,0,,,,,,,0,Signalized
13,-111.96091107839747,33.42959842362092,Signalized,13,0,10294,29465,0,,,,,,,0,Signalized
14,-111.95235707218913,33.430973962443154,Signalized,14,0,12904,29965,0,,,,,,,0,Signalized
15,-111.88342723320011,33.39169357843152,External Node,15,1,33942,15675,0,,,,,,,0,External Node
16,-111.94286513855712,33.42935901700468,Signalized,16,0,15800,29377,0,,,,,,,0,Signalized
17,-111.9263786728352,33.436108323279065,Signalized,17,0,20830,31833,0,,,,,,,0,Signalized
18,-111.92633352992024,33.4287763352613,Signalized,18,0,20844,29165,0,,,,,,,0,Signalized
19,-111.90943582319788,33.43672978392095,Signalized,19,0,25999,32060,0,,,,,,,0,Signalized
20,-111.90912669919096,33.42915864894968,Signalized,20,0,26094,29305,0,,,,,,,0,Signalized
21,-111.9291521653304,33.42861161738285,Signalized,21,0,19984,29105,0,,,,,,,0,Signalized
22,-111.89214923789272,33.42934628690815,Signalized,22,0,31274,29375,0,,,,,,,0,Signalized
23,-111.94340883687593,33.42547863328114,Signalized,23,0,15634,27965,0,,,,,,,0,Signalized
24,-111.96090988739658,33.425558684084756,Signalized,24,0,10294,27995,0,,,,,,,0,Signalized
25,-111.95647803358759,33.42195948103622,Signalized,25,0,11646,26685,0,,,,,,,0,Signalized
26,-111.93175791584478,33.42437960779446,External Node,26,1,19189,27565,0,,,,,,,0,External Node
27,-111.94006594414446,33.42547880948433,Signalized,27,0,16654,27965,0,,,,,,,0,Signalized
28,-111.94006599935175,33.42646813380515,Signalized,28,0,16654,28325,0,,,,,,,0,Signalized
29,-111.9400661741926,33.429600993111706,Signalized,29,0,16654,29465,0,,,,,,,0,Signalized
30,-111.94006588127279,33.424352078815346,Signalized,30,0,16654,27555,0,,,,,,,0,Signalized
31,-111.9400658168713,33.423197866698,Signalized,31,0,16654,27135,0,,,,,,,0,Signalized
32,-111.9674051247163,33.37988594098426,External Node,32,1,8307,11376,0,,,,,,,0,External Node
33,-111.9263503514131,33.424497509238094,Signalized,33,0,20839,27608,0,,,,,,,0,Signalized
34,-111.96524785396153,33.421949422332226,Signalized,34,0,8970,26682,0,,,,,,,0,Signalized
35,-111.96947545661833,33.421942829987216,Signalized,35,0,7680,26680,0,,,,,,,0,Signalized
36,-111.96090882622862,33.42195864186936,Signalized,36,0,10294,26685,0,,,,,,,0,Signalized
37,-111.9048004203437,33.4291576641219,Signalized,37,0,27414,29305,0,,,,,,,0,Signalized
38,-111.95235529894511,33.421960119722605,Signalized,38,0,12904,26685,0,,,,,,,0,Signalized
39,-111.94728872672854,33.42196071696705,Signalized,39,0,14450,26685,0,,,,,,,0,Signalized
40,-111.94419503706592,33.42196097989462,Signalized,40,0,15394,26685,0,,,,,,,0,Signalized
41,-111.942458113837,33.421961093694186,Signalized,41,0,15924,26685,0,,,,,,,0,Signalized
42,-111.90924383874601,33.43201397119914,Signalized,42,0,26058,30344,0,,,,,,,0,Signalized
43,-111.94006574787376,33.421961210619266,Signalized,43,0,16654,26685,0,,,,,,,0,Signalized
44,-111.9382305082271,33.42196126904284,Signalized,44,0,17214,26685,0,,,,,,,0,Signalized
45,-111.93672298994444,33.42196129672218,Signalized,45,0,17674,26685,0,,,,,,,0,Signalized
46,-111.93501883884159,33.42196130595151,Signalized,46,0,18194,26685,0,,,,,,,0,Signalized
47,-111.93083711421454,33.42196122939238,Signalized,47,0,19470,26685,0,,,,,,,0,Signalized
48,-111.92915246637502,33.42426958319979,Unsignalized,48,3,19984,27525,0,,,,,,,0,Unsignalized
49,-111.9263342226652,33.421960989331744,Signalized,49,0,20844,26685,0,,,,,,,0,Signalized
50,-111.9177479230194,33.42196007858022,Signalized,50,0,23464,26685,0,,,,,,,0,Signalized
51,-111.90912885147688,33.42195856663213,Signalized,51,0,26094,26685,0,,,,,,,0,Signalized
52,-111.93292161150521,33.41470623118316,Signalized,52,0,18834,24045,0,,,,,,,0,Signalized
53,-111.90054255242526,33.42195646498522,Signalized,53,0,28714,26685,0,,,,,,,0,Signalized
54,-111.92935630029346,33.41469512199128,Signalized,54,0,19922,24041,0,,,,,,,0,Signalized
55,-111.89215288663165,33.42195383741374,Signalized,55,0,31274,26685,0,,,,,,,0,Signalized
56,-111.93743436004836,33.43034031310407,Signalized,56,0,17457,29734,0,,,,,,,0,Signalized
57,-111.88320609521361,33.42195041018066,Signalized,57,0,34004,26685,0,,,,,,,0,Signalized
58,-111.93533674157844,33.430205675229516,Signalized,58,0,18097,29685,0,,,,,,,0,Signalized
59,-111.93128577881174,33.428952470159864,Signalized,59,0,19333,29229,0,,,,,,,0,Signalized
60,-111.94006558689588,33.419075678808575,Signalized,60,0,16654,25635,0,,,,,,,0,Signalized
61,-111.90052654200788,33.429255475430146,Signalized,61,0,28718,29341,0,,,,,,,0,Signalized
62,-111.92898902004421,33.41838858724435,Signalized,62,0,20034,25385,0,,,,,,,0,Signalized
63,-111.92633451589424,33.419075457545155,Signalized,63,0,20844,25635,0,,,,,,,0,Signalized
64,-111.9263347504474,33.41676703114794,Signalized,64,0,20844,24795,0,,,,,,,0,Signalized
65,-111.93013287652117,33.41570646720069,Signalized,65,0,19685,24409,0,,,,,,,0,Signalized
66,-111.90913021474303,33.41739667808363,Signalized,66,0,26094,25025,0,,,,,,,0,Signalized
67,-111.96953773410264,33.413643470560245,Signalized,67,0,7660,23660,0,,,,,,,0,Signalized
68,-111.96090624295188,33.41319211810389,Signalized,68,0,10294,23495,0,,,,,,,0,Signalized
69,-111.96090668826464,33.41470358860387,Signalized,69,0,10294,24045,0,,,,,,,0,Signalized
70,-111.95235387227304,33.4147050660524,Signalized,70,0,12904,24045,0,,,,,,,0,Signalized
71,-111.94005551234967,33.414706157035525,Signalized,71,0,16657,24045,0,,,,,,,0,Signalized
72,-111.93969183867574,33.416003287075,Signalized,72,0,16768,24517,0,,,,,,,0,Signalized
73,-111.93714886556727,33.41470623676598,Signalized,73,0,17544,24045,0,,,,,,,0,Signalized
74,-111.93508439265317,33.41470625203436,Signalized,74,0,18174,24045,0,,,,,,,0,Signalized
75,-111.93079159977049,33.41470617379694,Signalized,75,0,19484,24045,0,,,,,,,0,Signalized
76,-111.92633495984727,33.41470593542339,Signalized,76,0,20844,24045,0,,,,,,,0,Signalized
77,-111.98026114570114,33.37824679417284,External Node,77,1,4382,10781,0,,,,,,,0,External Node
78,-111.87894571861013,33.4219485513711,External Node,78,1,35304,26685,0,,,,,,,0,External Node
79,-111.88867366241544,33.407456207351466,External Node,79,1,32338,21410,0,,,,,,,0,External Node
80,-111.96954912599234,33.40928493423342,Signalized,80,0,7656,22074,0,,,,,,,0,Signalized
81,-111.97835023659876,33.34917478977544,External Node,81,1,4961,202,0,,,,,,,0,External Node
82,-111.92633514689314,33.41286468932945,Signalized,82,0,20844,23375,0,,,,,,,0,Signalized
83,-111.97824795659295,33.40744372160569,Signalized,83,0,5001,21405,0,,,,,,,0,Signalized
84,-111.97821944869169,33.40943612617505,Signalized,84,0,5010,22130,0,,,,,,,0,Signalized
85,-111.96605878748315,33.407551780944374,Signalized,85,0,8721,21443,0,,,,,,,0,Signalized
86,-111.96090455106642,33.40744852684025,Signalized,86,0,10294,21405,0,,,,,,,0,Signalized
87,-111.95543251459573,33.40744953984068,Signalized,87,0,11964,21405,0,,,,,,,0,Signalized
88,-111.95228691273962,33.40745001292669,Signalized,88,0,12924,21405,0,,,,,,,0,Signalized
89,-111.94799447682422,33.40745052983235,Signalized,89,0,14234,21405,0,,,,,,,0,Signalized
90,-111.97327115912768,33.4085033788985,Signalized,90,0,6520,21790,0,,,,,,,0,Signalized
91,-111.93996663855634,33.407451097999385,Signalized,91,0,16684,21405,0,,,,,,,0,Signalized
92,-111.93508440218815,33.40745118954125,Signalized,92,0,18174,21405,0,,,,,,,0,Signalized
93,-111.92633542882565,33.410089078511604,Signalized,93,0,20844,22365,0,,,,,,,0,Signalized
94,-111.9263356967653,33.407450873017005,Signalized,94,0,20844,21405,0,,,,,,,0,Signalized
95,-111.93075919949929,33.40745111015709,Signalized,95,0,19494,21405,0,,,,,,,0,Signalized
96,-111.92263306116749,33.40745055327378,Signalized,96,0,21974,21405,0,,,,,,,0,Signalized
97,-111.91775082489839,33.407449962764275,Signalized,97,0,23464,21405,0,,,,,,,0,Signalized
98,-111.89263509113675,33.38742647002746,Bend,98,2,31132,14121,0,,,,,,,0,Bend
99,-111.90913318658397,33.40744845164422,Signalized,99,0,26094,21405,0,,,,,,,0,Signalized
100,-111.89261476688915,33.38207858045964,Bend,100,2,31139,12175,0,,,,,,,0,Bend
101,-111.93507449939061,33.458409579345215,Signalized,101,0,18177,39948,0,,,,,,,0,Signalized
102,-111.8977631472449,33.40744554207715,Signalized,102,0,29564,21405,0,,,,,,,0,Signalized
103,-111.89216004459719,33.40744372501585,Signalized,103,0,31274,21405,0,,,,,,,0,Signalized
104,-111.96090345038428,33.40371106746396,Signalized,104,0,10294,20045,0,,,,,,,0,Signalized
105,-111.960901330525,33.39651095554466,Signalized,105,0,10294,17425,0,,,,,,,0,Signalized
106,-111.92633610139966,33.4034660813377,Signalized,106,0,20844,19955,0,,,,,,,0,Signalized
107,-111.97826572499588,33.40361007145717,Signalized,107,0,4995,20010,0,,,,,,,0,Signalized
108,-111.9782803851662,33.40011993680887,Signalized,108,0,4990,18740,0,,,,,,,0,Signalized
109,-111.9609023984515,33.40013849389346,Signalized,109,0,10294,18745,0,,,,,,,0,Signalized
110,-111.95228548177877,33.40013997956975,Signalized,110,0,12924,18745,0,,,,,,,0,Signalized
111,-111.9398351835419,33.40014106930852,Signalized,111,0,16724,18745,0,,,,,,,0,Signalized
112,-111.93508441171973,33.40019611855102,Unsignalized,112,3,18174,18765,0,,,,,,,0,Unsignalized
113,-111.92633643341941,33.40019580211349,Signalized,113,0,20844,18765,0,,,,,,,0,Signalized
114,-111.90913538579116,33.40008345603194,Signalized,114,0,26094,18725,0,,,,,,,0,Signalized
115,-111.90913591085668,33.39832464981444,Signalized,115,0,26094,18085,0,,,,,,,0,Signalized
116,-111.90913642767352,33.39659332445642,Signalized,116,0,26094,17455,0,,,,,,,0,Signalized
117,-111.93994671426144,33.40259240065256,Signalized,117,0,16690,19637,0,,,,,,,0,Signalized
118,-111.97830956679829,33.39286484791455,Signalized,118,0,4980,16100,0,,,,,,,0,Signalized
119,-111.9722815040152,33.39286679551456,Signalized,119,0,6820,16100,0,,,,,,,0,Signalized
120,-111.96090027896616,33.39293837782219,Signalized,120,0,10294,16125,0,,,,,,,0,Signalized
121,-111.95208750539769,33.39293988999983,Signalized,121,0,12984,16125,0,,,,,,,0,Signalized
122,-111.94795958906278,33.392940383089964,Signalized,122,0,14244,16125,0,,,,,,,0,Signalized
123,-111.94379891144654,33.39294074115219,Signalized,123,0,15514,16125,0,,,,,,,0,Signalized
124,-111.93973651752691,33.392940956169426,Signalized,124,0,16754,16125,0,,,,,,,0,Signalized
125,-111.93508442124788,33.3929410390646,Signalized,125,0,18174,16125,0,,,,,,,0,Signalized
126,-111.91137838737073,33.392938753016246,Signalized,126,0,25410,16125,0,,,,,,,0,Signalized
127,-111.92633716980964,33.39294072271374,Signalized,127,0,20844,16125,0,,,,,,,0,Signalized
128,-111.9229955232191,33.392940439105836,Signalized,128,0,21864,16125,0,,,,,,,0,Signalized
129,-111.9177209634585,33.392939808350015,Signalized,129,0,23474,16125,0,,,,,,,0,Signalized
130,-111.90913751858619,33.39293830266735,Signalized,130,0,26094,16125,0,,,,,,,0,Signalized
131,-111.90484579627562,33.39293732720253,Signalized,131,0,27404,16125,0,,,,,,,0,Signalized
132,-111.90055407406822,33.392936203322066,Signalized,132,0,28714,16125,0,,,,,,,0,Signalized
133,-111.89076664501863,33.3832926114093,Bend,133,2,31703,12617,0,,,,,,,0,Bend
134,-111.93780425379371,33.414706224734786,Unsignalized,134,3,17344,24045,0,,,,,,,0,Unsignalized
135,-111.89216719743611,33.39293357862817,Signalized,135,0,31274,16125,0,,,,,,,0,Signalized
136,-111.89060051375239,33.387881946810346,Bend,136,2,31753,14287,0,,,,,,,0,Bend
137,-111.89054389131228,33.389703942797425,Bend,137,2,31770,14950,0,,,,,,,0,Bend
138,-111.88341011942548,33.3929302332161,Signalized,138,0,33947,16125,0,,,,,,,0,Signalized
139,-111.93963799633917,33.38826912375383,Signalized,139,0,16784,14425,0,,,,,,,0,Signalized
140,-111.96089885561281,33.38810165393099,Signalized,140,0,10294,14365,0,,,,,,,0,Signalized
141,-111.93957236728193,33.38607061381606,Signalized,141,0,16804,13625,0,,,,,,,0,Signalized
142,-111.92653441343832,33.38612535123431,Signalized,142,0,20784,13645,0,,,,,,,0,Signalized
143,-111.94293072932365,33.42982069734695,Unsignalized,143,3,15780,29545,0,,,,,,,0,Unsignalized
144,-111.90927056250221,33.386205389591716,Signalized,144,0,26054,13675,0,,,,,,,0,Signalized
145,-111.88498623153583,33.36391597872517,External Node,145,1,33471,5567,0,,,,,,,0,External Node
146,-111.92936842524468,33.380348922080394,External Node,146,1,19919,11543,0,,,,,,,0,External Node
147,-111.92655109532488,33.38306941908737,Signalized,147,0,20779,12533,0,,,,,,,0,Signalized
148,-111.89786913193443,33.33578489279039,External Node,148,1,29541,-4671,0,,,,,,,0,External Node
149,-111.92870407748309,33.372148423896896,Signalized,149,0,20122,8559,0,,,,,,,0,Signalized
150,-111.92840541586207,33.37993390344834,Signalized,150,0,20213,11392,0,,,,,,,0,Signalized
151,-111.89391871782581,33.3746892618887,External Node,151,1,30742,9486,0,,,,,,,0,External Node
152,-111.97407687151211,33.37826537401074,Signalized,152,0,6270,10787,0,,,,,,,0,Signalized
153,-111.97196740560818,33.378274261205874,Signalized,153,0,6914,10790,0,,,,,,,0,Signalized
154,-111.96975968183172,33.378307873245696,Signalized,154,0,7588,10802,0,,,,,,,0,Signalized
155,-111.96859359071864,33.37834391830667,Signalized,155,0,7944,10815,0,,,,,,,0,Signalized
156,-111.96315283953402,33.37828755175679,Signalized,156,0,9605,10794,0,,,,,,,0,Signalized
157,-111.96114163597815,33.37828524023591,Signalized,157,0,10219,10793,0,,,,,,,0,Signalized
158,-111.89269556734169,33.37759089016205,Bend,158,2,31115,10542,0,,,,,,,0,Bend
159,-111.95250066835412,33.37827575281467,Signalized,159,0,12857,10789,0,,,,,,,0,Signalized
160,-111.94600520517727,33.37827923636506,Signalized,160,0,14840,10790,0,,,,,,,0,Signalized
161,-111.95517800064245,33.354814399196826,Bend,161,2,12038,2252,0,,,,,,,0,Bend
162,-111.93942130219418,33.378307116360794,Signalized,162,0,16850,10800,0,,,,,,,0,Signalized
163,-111.93532355748681,33.378329173260525,Signalized,163,0,18101,10808,0,,,,,,,0,Signalized
164,-111.90268428311536,33.36457318659231,External Node,164,1,28067,5804,0,,,,,,,0,External Node
165,-111.92873964698205,33.378361982987165,Signalized,165,0,20111,10820,0,,,,,,,0,Signalized
166,-111.92063258614863,33.37840251853856,Signalized,166,0,22586,10835,0,,,,,,,0,Signalized
167,-111.93912838200842,33.34729698851365,External Node,167,1,16939,-484,0,,,,,,,0,External Node
168,-111.90934164890513,33.37845839107508,Signalized,168,0,26033,10856,0,,,,,,,0,Signalized
169,-111.96239546417269,33.38650466557631,External Node,169,1,9837,13784,0,,,,,,,0,External Node
170,-111.90069737483022,33.378497511564625,Signalized,170,0,28672,10871,0,,,,,,,0,Signalized
171,-111.96245661982586,33.351515228432326,Unsignalized,171,3,9815,1052,0,,,,,,,0,Unsignalized
172,-111.89372364334565,33.378531103203876,Signalized,172,0,30801,10884,0,,,,,,,0,Signalized
173,-111.91799695804474,33.43874288911307,External Node,173,1,23387,32792,0,,,,,,,0,External Node
174,-111.92869787062912,33.36752603860781,Signalized,174,0,20124,6877,0,,,,,,,0,Signalized
175,-111.91134801020355,33.372209509955724,Signalized,175,0,25421,8582,0,,,,,,,0,Signalized
176,-111.9205901166575,33.377726470039875,External Node,176,1,22599,10589,0,,,,,,,0,External Node
177,-111.91134219466966,33.369516324313544,Signalized,177,0,25423,7602,0,,,,,,,0,Signalized
178,-111.9546036351151,33.363740490064245,Signalized,178,0,12214,5500,0,,,,,,,0,Signalized
179,-111.97127826756098,33.35139755618618,External Node,179,1,7121,1010,0,,,,,,,0,External Node
180,-111.94593790793786,33.36374703831445,Signalized,180,0,14860,5502,0,,,,,,,0,Signalized
181,-111.93856909199945,33.36376944220424,Signalized,181,0,17110,5510,0,,,,,,,0,Signalized
182,-111.90068129547907,33.37774176745233,External Node,182,1,28677,10596,0,,,,,,,0,External Node
183,-111.92864902249721,33.363796796669206,Signalized,183,0,20139,5520,0,,,,,,,0,Signalized
184,-111.91999966570063,33.3637877946331,Signalized,184,0,22780,5517,0,,,,,,,0,Signalized
185,-111.91065362976096,33.37223410792564,External Node,185,1,25633,8591,0,,,,,,,0,External Node
186,-111.91133393634132,33.363775438747034,Signalized,186,0,25426,5513,0,,,,,,,0,Signalized
187,-111.96193741709718,33.34556008434142,External Node,187,1,9973,-1115,0,,,,,,,0,External Node
188,-111.90266818392602,33.36383118178175,Signalized,188,0,28072,5534,0,,,,,,,0,Signalized
189,-111.97167910917838,33.34676954268747,External Node,189,1,6998,-674,0,,,,,,,0,External Node
190,-111.95449624010038,33.35198665526618,External Node,190,1,12246,1223,0,,,,,,,0,External Node
191,-111.8941268744183,33.363880864899755,Signalized,191,0,30680,5553,0,,,,,,,0,Signalized
192,-111.90072315224133,33.37958028736253,External Node,192,1,28664,11265,0,,,,,,,0,External Node
193,-111.92862326685031,33.35788552034485,Signalized,193,0,20147,3369,0,,,,,,,0,Signalized
194,-111.95846772309139,33.34975447164894,External Node,194,1,11033,411,0,,,,,,,0,External Node
195,-111.91132521890287,33.35971916543421,Signalized,195,0,25429,4037,0,,,,,,,0,Signalized
196,-111.94586804580534,33.35484302965839,Signalized,196,0,14881,2262,0,,,,,,,0,Signalized
197,-111.9285938932007,33.356566405054096,Signalized,197,0,20156,2889,0,,,,,,,0,Signalized
198,-111.9112965593372,33.35674016198737,Signalized,198,0,25438,2953,0,,,,,,,0,Signalized
199,-111.88771563162291,33.34947000976019,External Node,199,1,32640,310,0,,,,,,,0,External Node
200,-111.92067504944247,33.37911978910658,External Node,200,1,22573,11096,0,,,,,,,0,External Node
201,-111.94006546426148,33.41687717747903,Unsignalized,201,3,16654,24835,0,,,,,,,0,Unsignalized
202,-111.97288513267766,33.349198553773654,Signalized,202,0,6630,210,0,,,,,,,0,Signalized
203,-111.9659530552875,33.34921970106507,Signalized,203,0,8747,217,0,,,,,,,0,Signalized
204,-111.96319266662019,33.349228598461785,Signalized,204,0,9590,220,0,,,,,,,0,Signalized
205,-111.95857564369848,33.34923779787396,Signalized,205,0,11000,223,0,,,,,,,0,Signalized
206,-111.95441377164272,33.3492385115693,Signalized,206,0,12271,223,0,,,,,,,0,Signalized
207,-111.93854948900093,33.36500061413158,External Node,207,1,17116,5958,0,,,,,,,0,External Node
208,-111.94574293180459,33.34923955047582,Signalized,208,0,14919,223,0,,,,,,,0,Signalized
209,-111.93887633544982,33.34927841784404,Signalized,209,0,17016,237,0,,,,,,,0,Signalized
210,-111.92861408908178,33.34929753479965,Signalized,210,0,20150,244,0,,,,,,,0,Signalized
211,-111.91255984320192,33.35973863375123,External Node,211,1,25052,4044,0,,,,,,,0,External Node
212,-111.91017574198128,33.35969970203006,External Node,212,1,25780,4030,0,,,,,,,0,External Node
213,-111.91992032778212,33.34926379160582,Signalized,213,0,22805,232,0,,,,,,,0,Signalized
214,-111.90265209932792,33.36305070277232,External Node,214,1,28077,5250,0,,,,,,,0,External Node
215,-111.91122001523809,33.34926241640828,Signalized,215,0,25462,232,0,,,,,,,0,Signalized
216,-111.90689113346677,33.349291734809654,Signalized,216,0,26784,243,0,,,,,,,0,Signalized
217,-111.9124524986925,33.36953302160089,External Node,217,1,25084,7608,0,,,,,,,0,External Node
218,-111.91043822995688,33.36950515471795,External Node,218,1,25699,7598,0,,,,,,,0,External Node
219,-111.89803033701705,33.3493635990946,Signalized,219,0,29490,270,0,,,,,,,0,Signalized
220,-111.8944938703381,33.34939821629927,Signalized,220,0,30570,283,0,,,,,,,0,Signalized
221,-111.963230782132,33.345551554669036,Signalized,221,0,9578,-1118,0,,,,,,,0,Signalized
222,-111.92852296086623,33.34199292400091,Signalized,222,0,20178,-2414,0,,,,,,,0,Signalized
223,-111.89386821750486,33.37758304171354,Unsignalized,223,3,30757,10539,0,,,,,,,0,Unsignalized
224,-111.9263920325499,33.43364600946191,Signalized,224,0,20826,30937,0,,,,,,,0,Signalized
225,-111.92659722958213,33.44677102966824,Signalized,225,0,20763,35713,0,,,,,,,0,Signalized
226,-111.9631898176599,33.34032456393609,Signalized,226,0,9590,-3020,0,,,,,,,0,Signalized
227,-111.92705883333441,33.38311067555684,External Node,227,1,20624,12548,0,,,,,,,0,External Node
228,-111.96675331259178,33.334618524984265,Signalized,228,0,8501,-5096,0,,,,,,,0,Signalized
229,-111.96313561511005,33.33463588030997,Signalized,229,0,9606,-5090,0,,,,,,,0,Signalized
230,-111.91999354294889,33.36133094669989,External Node,230,1,22782,4623,0,,,,,,,0,External Node
231,-111.95434836656413,33.33466502747402,Signalized,231,0,12290,-5080,0,,,,,,,0,Signalized
232,-111.94568552136676,33.33468804622271,Signalized,232,0,14936,-5072,0,,,,,,,0,Signalized
233,-111.92005248065257,33.43693489566583,External Node,233,1,22760,32134,0,,,,,,,0,External Node
234,-111.93157387328132,33.35782518217501,External Node,234,1,19246,3347,0,,,,,,,0,External Node
235,-111.92550564548839,33.3579045531732,External Node,235,1,21099,3376,0,,,,,,,0,External Node
236,-111.92847112998928,33.33475426259205,Signalized,236,0,20194,-5048,0,,,,,,,0,Signalized
237,-111.91994307088578,33.35028610876088,External Node,237,1,22798,604,0,,,,,,,0,External Node
238,-111.91989758760886,33.34822773349069,External Node,238,1,22812,-145,0,,,,,,,0,External Node
239,-111.92000267177856,33.36533500363374,External Node,239,1,22779,6080,0,,,,,,,0,External Node
240,-111.91122070187829,33.33480984177666,Signalized,240,0,25463,-5027,0,,,,,,,0,Signalized
241,-111.89807334629934,33.3483248085761,External Node,241,1,29477,-108,0,,,,,,,0,External Node
242,-111.91236337773103,33.37217122682729,External Node,242,1,25111,8568,0,,,,,,,0,External Node
243,-111.96311649312953,33.32600664522449,Signalized,243,0,9611,-8230,0,,,,,,,0,Signalized
244,-111.89787276809798,33.3349357114934,Signalized,244,0,29540,-4980,0,,,,,,,0,Signalized
245,-111.89371483747955,33.33496187404051,Signalized,245,0,30810,-4970,0,,,,,,,0,Signalized
246,-111.96969168802464,33.43006622137991,Signalized,246,0,7615,29636,0,,,,,,,0,Signalized
247,-111.94853219426707,33.431142067948784,Signalized,247,0,14071,30026,0,,,,,,,0,Signalized
248,-111.92839639442606,33.32748261345918,Signalized,248,0,20217,-7694,0,,,,,,,0,Signalized
249,-111.91773663609001,33.429228862964045,Signalized,249,0,23467,29330,0,,,,,,,0,Signalized
250,-111.9654621347568,33.37833098053617,Signalized,250,0,8900,10810,0,,,,,,,0,Signalized
251,-111.96097647660753,33.38470768423416,Signalized,251,0,10270,13130,0,,,,,,,0,Signalized
252,-111.96163040072675,33.38061281479227,Signalized,252,0,10070,11640,0,,,,,,,0,Signalized
253,-111.92832138839718,33.32381105741168,Signalized,253,0,20240,-9030,0,,,,,,,0,Signalized
254,-111.89264376080318,33.33597833199447,Unsignalized,254,3,31137,-4600,0,,,,,,,0,Unsignalized
255,-111.92536334046487,33.34201744741082,External Node,255,1,21143,-2405,0,,,,,,,0,External Node
256,-111.89357158093917,33.33328544633806,External Node,256,1,30854,-5580,0,,,,,,,0,External Node
257,-111.89266470564137,33.333301628091746,External Node,257,1,31131,-5574,0,,,,,,,0,External Node
258,-111.96546201196863,33.377976469966406,External Node,258,1,8900,10681,0,,,,,,,0,External Node
259,-111.97195456805183,33.37890358996506,External Node,259,1,6918,11019,0,,,,,,,0,External Node
260,-111.93148285067383,33.34200953679896,External Node,260,1,19274,-2408,0,,,,,,,0,External Node
261,-111.96310118032468,33.31904553693413,External Node,261,1,9615,-10763,0,,,,,,,0,External Node
262,-111.91123821442785,33.33063538346385,External Node,262,1,25458,-6546,0,,,,,,,0,External Node
263,-111.92825948243956,33.320136751708354,External Node,263,1,20259,-10367,0,,,,,,,0,External Node
264,-111.97824063510475,33.4191727363079,Unsignalized,264,3,5005,25673,0,,,,,,,0,Unsignalized
265,-111.9297942525215,33.32748268214282,External Node,265,1,19790,-7694,0,,,,,,,0,External Node
266,-111.92674646356248,33.32748251214986,External Node,266,1,20721,-7694,0,,,,,,,0,External Node
267,-111.92947694699504,33.32380012333773,External Node,267,1,19887,-9034,0,,,,,,,0,External Node
268,-111.89369788388689,33.33619304536638,Unsignalized,268,3,30815,-4522,0,,,,,,,0,Unsignalized
269,-111.945629009645,33.32751533987283,External Node,269,1,14953,-7682,0,,,,,,,0,External Node
270,-111.93859808781524,33.35143572874802,External Node,270,1,17101,1022,0,,,,,,,0,External Node
271,-111.96147440548006,33.384724068671574,External Node,271,1,10118,13136,0,,,,,,,0,External Node
272,-111.96686184672281,33.33598433445822,Bend,272,2,8468,-4599,0,,,,,,,0,Bend
273,-111.96693286109362,33.33318943407514,External Node,273,1,8446,-5616,0,,,,,,,0,External Node
274,-111.93938189096585,33.376127838909596,External Node,274,1,16862,10007,0,,,,,,,0,External Node
275,-111.91368581151002,33.41533645624378,External Node,275,1,24704,24275,0,,,,,,,0,External Node
276,-111.97262103627844,33.336546106179654,External Node,276,1,6709,-4394,0,,,,,,,0,External Node
277,-111.97280934518763,33.33286076223487,External Node,277,1,6651,-5735,0,,,,,,,0,External Node
278,-111.97225601343106,33.39455965564821,External Node,278,1,6828,16716,0,,,,,,,0,External Node
279,-111.97178608875149,33.33636772436195,External Node,279,1,6964,-4459,0,,,,,,,0,External Node
280,-111.89449254448826,33.36631584609393,Unsignalized,280,3,30568,6439,0,,,,,,,0,Unsignalized
281,-111.92759308580924,33.37961507167174,External Node,281,1,20461,11276,0,,,,,,,0,External Node
282,-111.8929355742756,33.37574696701831,Bend,282,2,31042,9871,0,,,,,,,0,Bend
283,-111.89214563696619,33.396794703097015,Bend,283,2,31280,17530,0,,,,,,,0,Bend
284,-111.95610009037154,33.44486787151786,External Node,284,1,11763,35021,0,,,,,,,0,External Node
285,-111.96859642196715,33.37718145249598,External Node,285,1,7943,10392,0,,,,,,,0,External Node
286,-111.95455997174447,33.37361459435317,Bend,286,2,12228,9093,0,,,,,,,0,Bend
287,-111.95666690159176,33.363731906000424,External Node,287,1,11584,5497,0,,,,,,,0,External Node
288,-111.88340511316409,33.33504319595685,External Node,288,1,33959,-4939,0,,,,,,,0,External Node
289,-111.8937111766035,33.3357780772331,Bend,289,2,30811,-4673,0,,,,,,,0,Bend
290,-111.9113508235903,33.37390236874138,Bend,290,2,25420,9198,0,,,,,,,0,Bend
291,-111.97251075595469,33.34665387297157,External Node,291,1,6744,-716,0,,,,,,,0,External Node
292,-111.90503526131346,33.41349340875608,External Node,292,1,27344,23605,0,,,,,,,0,External Node
293,-111.90940426787903,33.37716127995705,Bend,293,2,26014,10384,0,,,,,,,0,Bend
294,-111.96238354296185,33.37977721656827,Bend,294,2,9840,11336,0,,,,,,,0,Bend
295,-111.9695853857451,33.426460714948554,Bend,295,2,7647,28324,0,,,,,,,0,Bend
296,-111.98307959888461,33.392863099252835,External Node,296,1,3524,16100,0,,,,,,,0,External Node
297,-111.98214719457977,33.407447803742606,External Node,297,1,3811,21407,0,,,,,,,0,External Node
298,-111.96942392778571,33.407545402086434,External Node,298,1,7694,21441,0,,,,,,,0,External Node
299,-111.97819728870675,33.41101356036418,External Node,299,1,5017,22704,0,,,,,,,0,External Node
300,-111.98164750537687,33.41053139400616,External Node,300,1,3964,22529,0,,,,,,,0,External Node
301,-111.9662058267108,33.40639478096952,External Node,301,1,8676,21022,0,,,,,,,0,External Node
302,-111.93229870380576,33.42339579320875,External Node,302,1,19024,27207,0,,,,,,,0,External Node
303,-111.89052171053538,33.407443145902654,Signalized,303,0,31774,21405,0,,,,,,,0,Signalized
304,-111.9733454966697,33.4136506026031,External Node,304,1,6498,23663,0,,,,,,,0,External Node
305,-111.97128832349807,33.407470674270385,External Node,305,1,7125,21414,0,,,,,,,0,External Node
306,-111.96091044997002,33.4385820261077,Signalized,306,0,10295,32734,0,,,,,,,0,Signalized
307,-111.95772199592079,33.441998555182735,Bend,307,2,11268,33977,0,,,,,,,0,Bend
308,-111.89192742860364,33.3809433598769,Bend,308,2,31349,11762,0,,,,,,,0,Bend
309,-111.94416192994046,33.354851408990335,External Node,309,1,15402,2265,0,,,,,,,0,External Node
310,-111.89803984877082,33.350097359781934,External Node,310,1,29487,537,0,,,,,,,0,External Node
311,-111.96834865986405,33.33709695240031,External Node,311,1,8014,-4194,0,,,,,,,0,External Node
312,-111.95484819545976,33.44633007303413,External Node,312,1,12145,35553,0,,,,,,,0,External Node
313,-111.95099924120309,33.44395900030625,External Node,313,1,13319,34690,0,,,,,,,0,External Node
314,-111.94524260583297,33.440521707175165,External Node,314,1,15075,33439,0,,,,,,,0,External Node
315,-111.97198682532485,33.37771913032767,External Node,315,1,6908,10588,0,,,,,,,0,External Node
316,-111.96738769563144,33.37703337200418,External Node,316,1,8312,10338,0,,,,,,,0,External Node
317,-111.9297514764063,33.43605080679565,Unsignalized,317,3,19801,31812,0,,,,,,,0,Unsignalized
318,-111.96976032646243,33.37993752228479,External Node,318,1,7588,11395,0,,,,,,,0,External Node
319,-111.93480245996173,33.44016210993841,Bend,319,2,18260,33308,0,,,,,,,0,Bend
320,-111.9378344848309,33.43915077549675,Bend,320,2,17335,32940,0,,,,,,,0,Bend
321,-111.89166860529515,33.334985907247315,Bend,321,2,31435,-4961,0,,,,,,,0,Bend
322,-111.89051049246073,33.429345707315896,Signalized,322,0,31774,29375,0,,,,,,,0,Signalized
323,-111.96859093796242,33.37997356823725,External Node,323,1,7945,11408,0,,,,,,,0,External Node
324,-111.89336176417922,33.37495839369171,External Node,324,1,30912,9584,0,,,,,,,0,External Node
325,-111.95250266000477,33.38833120412451,Bend,325,2,12857,14448,0,,,,,,,0,Bend
326,-111.92221475289104,33.444052763017,External Node,326,1,22100,34724,0,,,,,,,0,External Node
327,-111.91802867006182,33.444156682433324,External Node,327,1,23377,34762,0,,,,,,,0,External Node
328,-111.90937385892752,33.44673566145761,External Node,328,1,26017,35701,0,,,,,,,0,External Node
329,-111.94304934759249,33.43679541809619,Unsignalized,329,3,15744,32083,0,,,,,,,0,Unsignalized
330,-111.94083666812082,33.433951235304434,Bend,330,2,16419,31048,0,,,,,,,0,Bend
331,-111.94964074781986,33.43560214227347,Unsignalized,331,3,13733,31649,0,,,,,,,0,Unsignalized
332,-111.95239080731346,33.435840877893845,External Node,332,1,12894,31736,0,,,,,,,0,External Node
333,-111.9466219644143,33.43562169387865,External Node,333,1,14654,31656,0,,,,,,,0,External Node
334,-111.9495688416724,33.4368388039692,Unsignalized,334,3,13755,32099,0,,,,,,,0,Unsignalized
335,-111.89052913565568,33.39293299983219,Signalized,335,0,31774,16125,0,,,,,,,0,Signalized
336,-111.95288593210577,33.436761427967014,External Node,336,1,12743,32071,0,,,,,,,0,External Node
337,-111.94713669361664,33.43654226513874,External Node,337,1,14497,31991,0,,,,,,,0,External Node
338,-111.894631546545,33.334956680496624,Bend,338,2,30530,-4972,0,,,,,,,0,Bend
339,-111.96357169148574,33.437465710070704,External Node,339,1,9483,32328,0,,,,,,,0,External Node
340,-111.96089851599919,33.38694743517167,Signalized,340,0,10294,13945,0,,,,,,,0,Signalized
341,-111.93957232050174,33.38513624586774,Signalized,341,0,16804,13285,0,,,,,,,0,Signalized
342,-111.92653452247855,33.38502609482901,Signalized,342,0,20784,13245,0,,,,,,,0,Signalized
343,-111.9587531542022,33.4368126667082,External Node,343,1,10953,32090,0,,,,,,,0,External Node
344,-111.9092708887997,33.38510613330094,Signalized,344,0,26054,13275,0,,,,,,,0,Signalized
345,-111.95459673444543,33.362160304309256,External Node,345,1,12216,4925,0,,,,,,,0,External Node
346,-111.95712422742383,33.43731312287093,External Node,346,1,11450,32272,0,,,,,,,0,External Node
347,-111.96304452544518,33.439216380402414,External Node,347,1,9644,32965,0,,,,,,,0,External Node
348,-111.96114154132731,33.37796645552426,External Node,348,1,10219,10677,0,,,,,,,0,External Node
349,-111.93017740857657,33.43907925078113,External Node,349,1,19671,32914,0,,,,,,,0,External Node
350,-111.93095740844191,33.44175319747089,Bend,350,2,19433,33887,0,,,,,,,0,Bend
351,-111.92641261642723,33.45705445032266,External Node,351,1,20819,39455,0,,,,,,,0,External Node
352,-111.9177617185024,33.451301740068146,External Node,352,1,23458,37362,0,,,,,,,0,External Node
353,-111.88576067687015,33.37856940928689,External Node,353,1,33232,10899,0,,,,,,,0,External Node
354,-111.95438397690687,33.332826500289414,External Node,354,1,12279,-5749,0,,,,,,,0,External Node
355,-111.96740454528747,33.378314002913136,Signalized,355,0,8307,10804,0,,,,,,,0,Signalized
356,-111.9378217315343,33.45105286024078,External Node,356,1,17339,37271,0,,,,,,,0,External Node
357,-111.93517613854884,33.446845527084854,Bend,357,2,18146,35740,0,,,,,,,0,Bend
358,-111.93271759735093,33.44436395494627,Bend,358,2,18896,34837,0,,,,,,,0,Bend
359,-111.9315113542106,33.44244024417184,Bend,359,2,19264,34137,0,,,,,,,0,Bend
360,-111.935054823502,33.46105600746134,External Node,360,1,18183,40911,0,,,,,,,0,External Node
361,-111.93219590230783,33.458412291144185,External Node,361,1,19055,39949,0,,,,,,,0,External Node
362,-111.93756294537299,33.45842879363419,External Node,362,1,17418,39955,0,,,,,,,0,External Node
363,-111.98153705290078,33.39999234925597,External Node,363,1,3996,18694,0,,,,,,,0,External Node
364,-111.9308436420215,33.42249436582951,External Node,364,1,19468,26879,0,,,,,,,0,External Node
365,-111.972280829524,33.391278371989905,External Node,365,1,6820,15522,0,,,,,,,0,External Node
366,-111.92646056214564,33.371191931020086,External Node,366,1,20807,8211,0,,,,,,,0,External Node
367,-111.93147174180986,33.37218976005226,External Node,367,1,19277,8574,0,,,,,,,0,External Node
368,-111.9064611238711,33.432134274954954,External Node,368,1,26907,30388,0,,,,,,,0,External Node
369,-111.91776894075504,33.43158125917484,External Node,369,1,23457,30186,0,,,,,,,0,External Node
370,-111.89488411209608,33.369454359584,Bend,370,2,30448,7581,0,,,,,,,0,Bend
371,-111.89409533289529,33.36827514536636,External Node,371,1,30689,7152,0,,,,,,,0,External Node
372,-111.8926099449716,33.37853072608859,Signalized,372,0,31141,10884,0,,,,,,,0,Signalized
373,-111.8948353324382,33.361605628299536,Unsignalized,373,3,30464,4725,0,,,,,,,0,Unsignalized
374,-111.96218079845612,33.380893006963085,External Node,374,1,9902,11742,0,,,,,,,0,External Node
375,-111.89349577990066,33.36181129694673,Unsignalized,375,3,30873,4800,0,,,,,,,0,Unsignalized
376,-111.97936790467662,33.42553424807388,External Node,376,1,4662,27988,0,,,,,,,0,External Node
377,-111.8927880204243,33.36932175011092,Bend,377,2,31088,7533,0,,,,,,,0,Bend
378,-111.89347629797047,33.368321657393345,External Node,378,1,30878,7169,0,,,,,,,0,External Node
379,-111.89457827200698,33.35098118205604,Unsignalized,379,3,30544,859,0,,,,,,,0,Unsignalized
380,-111.89426673820326,33.35194568247675,External Node,380,1,30639,1210,0,,,,,,,0,External Node
381,-111.89308850860236,33.35065365522043,Unsignalized,381,3,30999,740,0,,,,,,,0,Unsignalized
382,-111.8934871989691,33.35233840932326,External Node,382,1,30877,1353,0,,,,,,,0,External Node
383,-111.89426599718482,33.34653181318722,Unsignalized,383,3,30640,-760,0,,,,,,,0,Unsignalized
384,-111.8939095510058,33.34555335083969,External Node,384,1,30749,-1116,0,,,,,,,0,External Node
385,-111.8935394201047,33.34582529491687,External Node,385,1,30862,-1017,0,,,,,,,0,External Node
386,-111.93082660690744,33.43543801887068,Bend,386,2,19473,31589,0,,,,,,,0,Bend
387,-111.92154385772409,33.43700651991125,Bend,387,2,22305,32160,0,,,,,,,0,Bend
388,-111.95206116533537,33.39226110352465,Bend,388,2,12992,15878,0,,,,,,,0,Bend
389,-111.92156704754251,33.43543734677353,Bend,389,2,22298,31589,0,,,,,,,0,Bend
390,-111.93085277181292,33.4365784890371,Bend,390,2,19465,32004,0,,,,,,,0,Bend
391,-111.89417972627551,33.3629190296633,Unsignalized,391,3,30664,5203,0,,,,,,,0,Unsignalized
392,-111.96596576271804,33.348109442387646,External Node,392,1,8743,-187,0,,,,,,,0,External Node
393,-111.91231374518364,33.43657370561824,External Node,393,1,25121,32003,0,,,,,,,0,External Node
394,-111.9336915210948,33.42463522187552,External Node,394,1,18599,27658,0,,,,,,,0,External Node
395,-111.95644816913806,33.42044252106372,External Node,395,1,11655,26133,0,,,,,,,0,External Node
396,-111.956507892377,33.423448959389084,External Node,396,1,11637,27227,0,,,,,,,0,External Node
397,-111.88339300025085,33.39417513215935,External Node,397,1,33952,16578,0,,,,,,,0,External Node
398,-111.96660016139421,33.445970399200924,External Node,398,1,8560,35423,0,,,,,,,0,External Node
399,-111.96100658938316,33.44223700122526,External Node,399,1,10266,34064,0,,,,,,,0,External Node
400,-111.96103795366386,33.44851918421386,External Node,400,1,10257,36350,0,,,,,,,0,External Node
401,-111.96914567116411,33.34919963228216,Bend,401,2,7772,210,0,,,,,,,0,Bend
402,-111.97088769927204,33.349204640182684,Signalized,402,0,7240,212,0,,,,,,,0,Signalized
403,-111.97403774516752,33.34918445785802,Bend,403,2,6278,205,0,,,,,,,0,Bend
404,-111.933308057348,33.425465149929224,External Node,404,1,18716,27960,0,,,,,,,0,External Node
405,-111.8919397434311,33.349444071501935,Bend,405,2,31350,300,0,,,,,,,0,Bend
406,-111.9631799634004,33.35046252370807,Bend,406,2,9594,669,0,,,,,,,0,Bend
407,-111.9332538786339,33.356525343188906,External Node,407,1,18733,2874,0,,,,,,,0,External Node
408,-111.92766340879511,33.32380002656849,External Node,408,1,20441,-9034,0,,,,,,,0,External Node
409,-111.9113370635991,33.36431682499591,Bend,409,2,25425,5710,0,,,,,,,0,Bend
410,-111.91132111619319,33.36275037601747,Bend,410,2,25430,5140,0,,,,,,,0,Bend
411,-111.89404767851954,33.36514498772278,Unsignalized,411,3,30704,6013,0,,,,,,,0,Unsignalized
412,-111.89415784107952,33.36070401248223,External Node,412,1,30671,4397,0,,,,,,,0,External Node
413,-111.89443944665427,33.36078380164736,External Node,413,1,30585,4426,0,,,,,,,0,External Node
414,-111.94600854330939,33.37878489459783,External Node,414,1,14839,10974,0,,,,,,,0,External Node
415,-111.89515835772787,33.37851233728525,Bend,415,2,30363,10877,0,,,,,,,0,Bend
416,-111.89339885308594,33.3795917777031,Bend,416,2,30900,11270,0,,,,,,,0,Bend
417,-111.8919253398682,33.37854697817493,Bend,417,2,31350,10890,0,,,,,,,0,Bend
418,-111.95251401354618,33.37950142316019,Bend,418,2,12853,11235,0,,,,,,,0,Bend
419,-111.95252670181918,33.377412831834405,Bend,419,2,12849,10475,0,,,,,,,0,Bend
420,-111.89308582948696,33.34941698388403,Signalized,420,0,31000,290,0,,,,,,,0,Signalized
421,-111.92873641205814,33.37781235394704,Bend,421,2,20112,10620,0,,,,,,,0,Bend
422,-111.9112072474382,33.348058721037994,Bend,422,2,25466,-206,0,,,,,,,0,Bend
423,-111.92845153293614,33.33414966551472,Bend,423,2,20200,-5268,0,,,,,,,0,Bend
424,-111.92594508668074,33.38301441254212,External Node,424,1,20964,12513,0,,,,,,,0,External Node
425,-111.96557337594658,33.34025255170394,External Node,425,1,8862,-3046,0,,,,,,,0,External Node
426,-111.89279082766875,33.37703579757261,Unsignalized,426,3,31086,10340,0,,,,,,,0,Unsignalized
427,-111.92691646012648,33.43361306815535,External Node,427,1,20666,30925,0,,,,,,,0,External Node
428,-111.97408048461553,33.37902386058627,External Node,428,1,6269,11063,0,,,,,,,0,External Node
429,-111.89376596255826,33.33761936434617,Bend,429,2,30794,-4003,0,,,,,,,0,Bend
430,-111.98028407100247,33.4036230951831,External Node,430,1,4379,20015,0,,,,,,,0,External Node
431,-111.97688630435002,33.40360229815728,External Node,431,1,5416,20007,0,,,,,,,0,External Node
432,-111.89417711502857,33.3754615764101,Bend,432,2,30663,9767,0,,,,,,,0,Bend
433,-111.9353235593269,33.379620800927356,External Node,433,1,18101,11278,0,,,,,,,0,External Node
434,-111.92477224318992,33.356601868953526,External Node,434,1,21323,2902,0,,,,,,,0,External Node
435,-111.93532355581516,33.377155715551105,External Node,435,1,18101,10381,0,,,,,,,0,External Node
436,-111.90468149048023,33.3568513866933,External Node,436,1,27458,2994,0,,,,,,,0,External Node
437,-111.92040698820149,33.35658493674036,External Node,437,1,22656,2896,0,,,,,,,0,External Node
438,-111.97177630975185,33.35213391624438,External Node,438,1,6969,1278,0,,,,,,,0,External Node
439,-111.90700151987467,33.35222679090386,External Node,439,1,26750,1311,0,,,,,,,0,External Node
440,-111.90677426099894,33.34618628992894,External Node,440,1,26820,-887,0,,,,,,,0,External Node
441,-111.95865740046229,33.348844795984455,External Node,441,1,10975,80,0,,,,,,,0,External Node
442,-111.92937918535304,33.41549757642663,External Node,442,1,19915,24333,0,,,,,,,0,External Node
443,-111.92932688106686,33.41360686177036,External Node,443,1,19931,23645,0,,,,,,,0,External Node
444,-111.971830348956,33.33260272736276,External Node,444,1,6950,-5829,0,,,,,,,0,External Node
445,-111.8926344293679,33.33496975299321,Signalized,445,0,31140,-4967,0,,,,,,,0,Signalized
446,-111.91137780561897,33.39507130738094,External Node,446,1,25410,16901,0,,,,,,,0,External Node
447,-111.91137896906125,33.39080619791754,External Node,447,1,25410,15349,0,,,,,,,0,External Node
448,-111.89341550654366,33.33789681130214,External Node,448,1,30901,-3902,0,,,,,,,0,External Node
449,-111.92410422707238,33.433676055225035,External Node,449,1,21524,30948,0,,,,,,,0,External Node
450,-111.89304894136362,33.33762736757524,External Node,450,1,31013,-4000,0,,,,,,,0,External Node
451,-111.9381184341644,33.40257047206728,External Node,451,1,17248,19629,0,,,,,,,0,External Node
452,-111.94181431312201,33.40261430020986,External Node,452,1,16120,19645,0,,,,,,,0,External Node
453,-111.96594358536609,33.35022552879258,External Node,453,1,8750,583,0,,,,,,,0,External Node
454,-111.94841399766915,33.42979275313805,External Node,454,1,14107,29535,0,,,,,,,0,External Node
455,-111.97748288256962,33.431165806472464,External Node,455,1,5238,30037,0,,,,,,,0,External Node
456,-111.97825060292587,33.406165839623526,Bend,456,2,5000,20940,0,,,,,,,0,Bend
457,-111.92551526704123,33.41882806493914,External Node,457,1,21094,25545,0,,,,,,,0,External Node
458,-111.93042061101285,33.36752062056959,External Node,458,1,19598,6875,0,,,,,,,0,External Node
459,-111.90057808277419,33.43151994150254,External Node,459,1,28702,30165,0,,,,,,,0,External Node
460,-111.90048149521837,33.42715040142834,External Node,460,1,28732,28575,0,,,,,,,0,External Node
461,-111.94502603845929,33.43852384339754,External Node,461,1,15141,32712,0,,,,,,,0,External Node
462,-111.92434841504466,33.44682031933233,External Node,462,1,21449,35731,0,,,,,,,0,External Node
463,-111.9293967705794,33.44671073375781,External Node,463,1,19909,35691,0,,,,,,,0,External Node
464,-111.9456944741888,33.436506670031804,External Node,464,1,14937,31978,0,,,,,,,0,External Node
465,-111.95398525001539,33.44263124417926,External Node,465,1,12408,34207,0,,,,,,,0,External Node
466,-111.95476476405652,33.43974560152053,External Node,466,1,12170,33157,0,,,,,,,0,External Node
467,-111.94995962159655,33.44112032485314,External Node,467,1,13636,33657,0,,,,,,,0,External Node
468,-111.95146703621359,33.43878973316602,External Node,468,1,13176,32809,0,,,,,,,0,External Node
469,-111.8840460386153,33.414695706521584,External Node,469,1,33749,24045,0,,,,,,,0,External Node
470,-111.91995434871016,33.435783422001016,External Node,470,1,22790,31715,0,,,,,,,0,External Node
471,-111.93351103720505,33.43660053865355,External Node,471,1,18654,32012,0,,,,,,,0,External Node
472,-111.93360939231954,33.4353831233794,External Node,472,1,18624,31569,0,,,,,,,0,External Node
473,-111.97373930891555,33.40013242281585,External Node,473,1,6376,18744,0,,,,,,,0,External Node
474,-111.95726018586724,33.44351284988808,Bend,474,2,11409,34528,0,,,,,,,0,Bend
475,-111.92732229845438,33.36752870710347,External Node,475,1,20544,6878,0,,,,,,,0,External Node
476,-111.97506620696466,33.39286593219619,Bend,476,2,5970,16100,0,,,,,,,0,Bend
477,-111.92859748723482,33.35233699495031,Bend,477,2,20155,1350,0,,,,,,,0,Bend
478,-111.96559747977155,33.40016216576909,External Node,478,1,8861,18754,0,,,,,,,0,External Node
479,-111.92858091458008,33.35497522305071,Bend,479,2,20160,2310,0,,,,,,,0,Bend
480,-111.94758634676334,33.44076332947829,External Node,480,1,14360,33527,0,,,,,,,0,External Node
481,-111.96315588204548,33.3365870715259,Bend,481,2,9600,-4380,0,,,,,,,0,Bend
482,-111.95441663979693,33.34738900112539,Bend,482,2,12270,-450,0,,,,,,,0,Bend
483,-111.97698204167091,33.42563125898216,External Node,483,1,5390,28023,0,,,,,,,0,External Node
484,-111.92822340749063,33.44405599469572,External Node,484,1,20267,34725,0,,,,,,,0,External Node
485,-111.92754759072506,33.41285102938348,External Node,485,1,20474,23370,0,,,,,,,0,External Node
486,-111.95946911812119,33.43010162034904,Bend,486,2,10734,29648,0,,,,,,,0,Bend
487,-111.97272092512009,33.34807185904992,Bend,487,2,6680,-200,0,,,,,,,0,Bend
488,-111.97950121525228,33.41699302838319,External Node,488,1,4620,24880,0,,,,,,,0,External Node
489,-111.97667960374864,33.41680163502747,External Node,489,1,5481,24810,0,,,,,,,0,External Node
490,-111.9714665504486,33.34743740730938,Bend,490,2,7063,-431,0,,,,,,,0,Bend
491,-111.97223098038268,33.35095757076051,Bend,491,2,6830,850,0,,,,,,,0,Bend
492,-111.93497950222539,33.425954330085915,External Node,492,1,18206,28138,0,,,,,,,0,External Node
493,-111.90716467650904,33.41525820646799,External Node,493,1,26694,24247,0,,,,,,,0,External Node
494,-111.92539992935137,33.424519422789025,External Node,494,1,21129,27616,0,,,,,,,0,External Node
495,-111.97841959139011,33.376867880603626,External Node,495,1,4944,10279,0,,,,,,,0,External Node
496,-111.92322218935617,33.43621523525158,Unsignalized,496,3,21793,31872,0,,,,,,,0,Unsignalized
497,-111.9297789674315,33.4156322527959,External Node,497,1,19793,24382,0,,,,,,,0,External Node
498,-111.97822001698431,33.42388028122407,Unsignalized,498,3,5012,27386,0,,,,,,,0,Unsignalized
499,-111.93764415477739,33.43151375678042,External Node,499,1,17393,30161,0,,,,,,,0,External Node
500,-111.961043589124,33.44541381456362,Signalized,500,0,10255,35220,0,,,,,,,0,Signalized
501,-111.96314914111821,33.37696569511408,External Node,501,1,9606,10313,0,,,,,,,0,External Node
502,-111.96525170968297,33.42362852539837,External Node,502,1,8969,27293,0,,,,,,,0,External Node
503,-111.95660764381684,33.442636315425716,Signalized,503,0,11608,34209,0,,,,,,,0,Signalized
504,-111.9545257242146,33.440853130033986,Signalized,504,0,12243,33560,0,,,,,,,0,Signalized
505,-111.95076904739922,33.439867084684415,Signalized,505,0,13389,33201,0,,,,,,,0,Signalized
506,-111.94880551179072,33.43934517341818,Signalized,506,0,13988,33011,0,,,,,,,0,Signalized
507,-111.94543236207275,33.43743280777804,Signalized,507,0,15017,32315,0,,,,,,,0,Signalized
508,-111.96525100241331,33.42157567659101,External Node,508,1,8969,26546,0,,,,,,,0,External Node
509,-111.94281908030226,33.42737487572154,Signalized,509,0,15814,28655,0,,,,,,,0,Signalized
510,-111.965488729022,33.37945496488654,External Node,510,1,8892,11219,0,,,,,,,0,External Node
511,-111.94006604996079,33.42737501429373,Signalized,511,0,16654,28655,0,,,,,,,0,Signalized
512,-111.9350188315723,33.42547890482925,Signalized,512,0,18194,27965,0,,,,,,,0,Signalized
513,-111.9335112612663,33.42502545310924,Signalized,513,0,18654,27800,0,,,,,,,0,Signalized
514,-111.93203650466506,33.42388495290104,Signalized,514,0,19104,27385,0,,,,,,,0,Signalized
515,-111.93049622621035,33.42303298555562,Signalized,515,0,19574,27075,0,,,,,,,0,Signalized
516,-111.92898876571536,33.42196115062861,Signalized,516,0,20034,26685,0,,,,,,,0,Signalized
517,-111.92633440419287,33.42017470790809,Signalized,517,0,20844,26035,0,,,,,,,0,Signalized
518,-111.95461776082088,33.36835737925192,Bend,518,2,12210,7180,0,,,,,,,0,Bend
519,-111.92518751960242,33.41915781406664,Signalized,519,0,21194,25665,0,,,,,,,0,Signalized
520,-111.9225006387902,33.41676669794435,Signalized,520,0,22014,24795,0,,,,,,,0,Signalized
521,-111.92050200470536,33.414705381546796,Signalized,521,0,22624,24045,0,,,,,,,0,Signalized
522,-111.91774937421879,33.41470502492128,Signalized,522,0,23464,24045,0,,,,,,,0,Signalized
523,-111.9136859673558,33.41470438685227,Signalized,523,0,24704,24045,0,,,,,,,0,Signalized
524,-111.9123751909618,33.4147041526334,Signalized,524,0,25104,24045,0,,,,,,,0,Signalized
525,-111.90913101941867,33.414703513387245,Signalized,525,0,26094,24045,0,,,,,,,0,Signalized
526,-111.90716485487133,33.414703084678415,Signalized,526,0,26694,24045,0,,,,,,,0,Signalized
527,-111.90503484330102,33.41470258508075,Signalized,527,0,27344,24045,0,,,,,,,0,Signalized
528,-111.90152851661813,33.41470168301784,Signalized,528,0,28414,24045,0,,,,,,,0,Signalized
529,-111.93483855384163,33.43121423519676,External Node,529,1,18249,30052,0,,,,,,,0,External Node
530,-111.89618710322283,33.41470011838218,Signalized,530,0,30044,24045,0,,,,,,,0,Signalized
531,-111.93132506848458,33.42985385527763,External Node,531,1,19321,29557,0,,,,,,,0,External Node
532,-111.89215646625547,33.414698785463976,Signalized,532,0,31274,24045,0,,,,,,,0,Signalized
533,-111.89094399824936,33.41469835888444,Signalized,533,0,31644,24045,0,,,,,,,0,Signalized
534,-111.88927275858504,33.41469775147344,Signalized,534,0,32154,24045,0,,,,,,,0,Signalized
535,-111.9354678418734,33.42999681779657,External Node,535,1,18057,29609,0,,,,,,,0,External Node
536,-111.88645458979344,33.41469667622198,Signalized,536,0,33014,24045,0,,,,,,,0,Signalized
537,-111.88484888900204,33.41469603495053,Signalized,537,0,33504,24045,0,,,,,,,0,Signalized
538,-111.9312857955832,33.42857872558448,External Node,538,1,19333,29093,0,,,,,,,0,External Node
539,-111.92813683478552,33.42017482361325,External Node,539,1,20294,26035,0,,,,,,,0,External Node
540,-111.94424105593409,33.423291068852905,External Node,540,1,15380,27169,0,,,,,,,0,External Node
541,-111.94415229874404,33.42065012727506,External Node,541,1,15407,26208,0,,,,,,,0,External Node
542,-111.92476800701974,33.419515035888104,External Node,542,1,21322,25795,0,,,,,,,0,External Node
543,-111.94728235084362,33.423249588022735,External Node,543,1,14452,27154,0,,,,,,,0,External Node
544,-111.94729182831364,33.42069383096562,External Node,544,1,14449,26224,0,,,,,,,0,External Node
545,-111.96480247206523,33.34555943444669,External Node,545,1,9098,-1115,0,,,,,,,0,External Node
546,-111.9307657277094,33.40794577401168,External Node,546,1,19492,21585,0,,,,,,,0,External Node
547,-111.93075594073814,33.40709934921914,External Node,547,1,19495,21277,0,,,,,,,0,External Node
548,-111.93845281761658,33.40745114693201,Bend,548,2,17146,21405,0,,,,,,,0,Bend
549,-111.92707622312057,33.407459168100516,Bend,549,2,20618,21408,0,,,,,,,0,Bend
550,-111.9755896118364,33.33448130592935,External Node,550,1,5802,-5145,0,,,,,,,0,External Node
551,-111.96109012416527,33.32600708408047,External Node,551,1,10230,-8230,0,,,,,,,0,External Node
552,-111.96468128207307,33.32600628371666,External Node,552,1,9133,-8230,0,,,,,,,0,External Node
744,-111.97840717150389,33.37824745336069,Signalized,744,0,4948,10781,0,,,,,,,0,Signalized
745,-111.97304576875803,33.334490351565954,Signalized,745,0,6579,-5142,0,,,,,,,0,Signalized
746,-111.9715495956401,33.33452652455716,Signalized,746,0,7036,-5129,0,,,,,,,0,Signalized
747,-111.97824200191674,33.42194284605437,Signalized,747,0,5005,26681,0,,,,,,,0,Signalized
1990,-111.90047989556858,33.41470139399212,Unsignalized,1990,3,28734,24045,0,,,,,,,0,Unsignalized
2881,-111.89314927081688,33.34686671536454,Unsignalized,2881,3,30981,-638,0,,,,,,,0,Unsignalized
3021,-111.96603927505456,33.40796950171491,External Node,3021,1,8727,21595,0,,,,,,,0,External Node
5201,-111.94483842121359,33.431463940141796,Bend,5201,2,15198,30143,0,,,,,,,0,Bend
5202,-111.94329790731805,33.43086495996165,Bend,5202,2,15668,29925,0,,,,,,,0,Bend
5203,-111.94380252502349,33.42960079022435,Bend,5203,2,15514,29465,0,,,,,,,0,Bend
5204,-111.94199005749216,33.42947723723035,Bend,5204,2,16067,29420,0,,,,,,,0,Bend
5205,-111.93861097160665,33.429798906422306,Bend,5205,2,17098,29537,0,,,,,,,0,Bend
5206,-111.94340874633973,33.42451679004633,Bend,5206,2,15634,27615,0,,,,,,,0,Bend
5207,-111.94245819388186,33.42292293732806,Bend,5207,2,15924,27035,0,,,,,,,0,Bend
5208,-111.93381598206648,33.429488407908,Bend,5208,2,18561,29424,0,,,,,,,0,Bend
5210,-111.9525658914314,33.37682472338232,Bend,5210,2,12837,10261,0,,,,,,,0,Bend
5213,-111.92279379616147,33.42924321244903,Bend,5213,2,21924,29335,0,,,,,,,0,Bend
5214,-111.89313605056498,33.42195417468257,Bend,5214,2,30974,26685,0,,,,,,,0,Bend
5215,-111.88900675773172,33.42196095016245,Bend,5215,2,32234,26688,0,,,,,,,0,Bend
5216,-111.88952724521214,33.429345349168166,Bend,5216,2,32074,29375,0,,,,,,,0,Bend
5217,-111.8927129690041,33.42934098504118,Bend,5217,2,31102,29373,0,,,,,,,0,Bend
5221,-111.89313954843118,33.41469912264045,Bend,5221,2,30974,24045,0,,,,,,,0,Bend
5226,-111.92289417169266,33.41470564187079,Bend,5226,2,21894,24045,0,,,,,,,0,Bend
5227,-111.93613301381598,33.41470624857214,Bend,5227,2,17854,24045,0,,,,,,,0,Bend
5229,-111.94206427725828,33.414706062140475,Bend,5229,2,16044,24045,0,,,,,,,0,Bend
5230,-111.95235546109927,33.42278455710192,Bend,5230,2,12904,26985,0,,,,,,,0,Bend
5231,-111.95235519084599,33.42141049474209,Bend,5231,2,12904,26485,0,,,,,,,0,Bend
5232,-111.96090858323959,33.421134204426295,Bend,5232,2,10294,26385,0,,,,,,,0,Bend
5233,-111.95874390723756,33.41470401790993,Bend,5233,2,10954,24045,0,,,,,,,0,Bend
5234,-111.95151169020289,33.4146612095968,Bend,5234,2,13161,24029,0,,,,,,,0,Bend
5235,-111.9495127598669,33.41467794509345,Bend,5235,2,13771,24035,0,,,,,,,0,Bend
5236,-111.9480283100668,33.4147055887604,Bend,5236,2,14224,24045,0,,,,,,,0,Bend
5238,-111.95235267296705,33.40860421888839,Bend,5238,2,12904,21825,0,,,,,,,0,Bend
5239,-111.95228680513061,33.4069003866584,Bend,5239,2,12924,21205,0,,,,,,,0,Bend
5240,-111.95392367888648,33.40013974318718,Bend,5240,2,12424,18745,0,,,,,,,0,Bend
5241,-111.95130256351004,33.40014011101835,Bend,5241,2,13224,18745,0,,,,,,,0,Bend
5242,-111.96227742279463,33.39671677310832,Bend,5242,2,9874,17500,0,,,,,,,0,Bend
5243,-111.96090712166155,33.39392495774966,Bend,5243,2,10292,16484,0,,,,,,,0,Bend
5244,-111.95228445998008,33.394918521890986,Bend,5244,2,12924,16845,0,,,,,,,0,Bend
5245,-111.95205497650109,33.394143578631635,Bend,5245,2,12994,16563,0,,,,,,,0,Bend
5246,-111.90815468140748,33.39293809238083,Bend,5246,2,26394,16125,0,,,,,,,0,Bend
5248,-111.89354316934815,33.39293404810803,Bend,5248,2,30854,16125,0,,,,,,,0,Bend
5249,-111.89282242215428,33.392933804092664,Bend,5249,2,31074,16125,0,,,,,,,0,Bend
5250,-111.889546298598,33.3929326421765,Bend,5250,2,32074,16125,0,,,,,,,0,Bend
5261,-111.90923746235775,33.38735410535909,Bend,5261,2,26064,14093,0,,,,,,,0,Bend
5262,-111.90927116369156,33.38418000972458,Bend,5262,2,26054,12938,0,,,,,,,0,Bend
5263,-111.9265016000251,33.38667497707253,Bend,5263,2,20794,13845,0,,,,,,,0,Bend
5264,-111.92653459880319,33.38425661522928,Bend,5264,2,20784,12965,0,,,,,,,0,Bend
5265,-111.93508442034575,33.39362807347103,Bend,5265,2,18174,16375,0,,,,,,,0,Bend
5266,-111.93508442196958,33.392391411484596,Bend,5266,2,18174,15925,0,,,,,,,0,Bend
5267,-111.94058802660263,33.38835153033439,Bend,5267,2,16494,14455,0,,,,,,,0,Bend
5268,-111.93958878500861,33.38683459633793,Bend,5268,2,16799,13903,0,,,,,,,0,Bend
5269,-111.93953953487723,33.384586618746916,Bend,5269,2,16814,13085,0,,,,,,,0,Bend
5270,-111.94006552557701,33.41797642824135,Bend,5270,2,16654,25235,0,,,,,,,0,Bend
5271,-111.8905184961875,33.420120260138425,Bend,5271,2,31773,26018,0,,,,,,,0,Bend
5272,-111.89516792271746,33.421954847012486,Bend,5272,2,30354,26685,0,,,,,,,0,Bend
5274,-111.96089906585952,33.38881617019804,Bend,5274,2,10294,14625,0,,,,,,,0,Bend
5275,-111.96089940550449,33.38997038860925,Bend,5275,2,10294,15045,0,,,,,,,0,Bend
5276,-111.89801513106357,33.4081958575977,Bend,5276,2,29487,21678,0,,,,,,,0,Bend
5277,-111.89212976936057,33.40903488217634,Unsignalized,5277,3,31283,21984,0,,,,,,,0,Unsignalized
5278,-111.9384367103662,33.414893082551345,Unsignalized,5278,3,17151,24113,0,,,,,,,0,Unsignalized
5279,-111.89215329347167,33.42112940012019,Unsignalized,5279,3,31274,26385,0,,,,,,,0,Unsignalized
5280,-111.88779420374331,33.421933011473406,Bend,5280,2,32604,26678,0,,,,,,,0,Bend
5281,-111.94006538149077,33.41539318864045,Unsignalized,5281,3,16654,24295,0,,,,,,,0,Unsignalized
5282,-111.8905212884938,33.408267584999884,Unsignalized,5282,3,31774,21705,0,,,,,,,0,Unsignalized
5283,-111.89216637268261,33.39460719383745,Unsignalized,5283,3,31274,16734,0,,,,,,,0,Unsignalized
5284,-111.89052861550807,33.39394981041794,Unsignalized,5284,3,31774,16495,0,,,,,,,0,Unsignalized
5286,-111.89217513278572,33.410070942963266,Bend,5286,2,31269,22361,0,,,,,,,0,Bend
5287,-111.95992155051242,33.40744872659863,Bend,5287,2,10594,21405,0,,,,,,,0,Bend
5288,-111.92823543764386,33.41656104285296,Bend,5288,2,20264,24720,0,,,,,,,0,Bend
5289,-111.89048000515041,33.405703563703014,Bend,5289,2,31787,20772,0,,,,,,,0,Bend
5290,-111.89052217476127,33.40653626276897,Unsignalized,5290,3,31774,21075,0,,,,,,,0,Unsignalized
5291,-111.89216051890233,33.406481879242705,Unsignalized,5291,3,31274,21055,0,,,,,,,0,Unsignalized
5292,-111.89058680042596,33.42112884665705,Unsignalized,5292,3,31752,26385,0,,,,,,,0,Unsignalized
5293,-111.93878733613299,33.41470620019633,Unsignalized,5293,3,17044,24045,0,,,,,,,0,Unsignalized
7001,-111.9667686562744,33.43148777826377,Bend,7001,2,8507,30153,0,,,,,,,0,Bend
7002,-111.96114504101826,33.43383322853506,Bend,7002,2,10223,31006,0,,,,,,,0,Bend
7003,-111.9555365241588,33.43194356844619,External Node,7003,1,11934,30318,0,,,,,,,0,External Node
7004,-111.94015801156884,33.43078542973136,Unsignalized,7004,3,16626,29896,0,,,,,,,0,Unsignalized
7005,-111.9291520601401,33.430128580506405,External Node,7005,1,19984,29657,0,,,,,,,0,External Node
7008,-111.90479965393023,33.43135616078941,External Node,7008,1,27414,30105,0,,,,,,,0,External Node
7009,-111.8918201217272,33.432094292948406,External Node,7009,1,31374,30375,0,,,,,,,0,External Node
7010,-111.89090239536314,33.4320939685856,External Node,7010,1,31654,30375,0,,,,,,,0,External Node
7011,-111.88461100909514,33.42934344151513,External Node,7011,1,33574,29375,0,,,,,,,0,External Node
7016,-111.88320491577628,33.423929058981365,External Node,7016,1,34004,27405,0,,,,,,,0,External Node
7025,-111.88004554081941,33.39292878355126,External Node,7025,1,34974,16125,0,,,,,,,0,External Node
7027,-111.89216882236668,33.38963581334595,Bend,7027,2,31274,14925,0,,,,,,,0,Bend
7028,-111.90055538230146,33.38963843771296,External Node,7028,1,28714,14925,0,,,,,,,0,External Node
7029,-111.90484656041183,33.39073881689817,External Node,7029,1,27404,15325,0,,,,,,,0,External Node
7030,-111.90730508356032,33.38606755639561,External Node,7030,1,26654,13625,0,,,,,,,0,External Node
7031,-111.90730535561039,33.38521563278207,External Node,7031,1,26654,13315,0,,,,,,,0,External Node
7033,-111.9112134342101,33.38518621999031,External Node,7033,1,25461,13304,0,,,,,,,0,External Node
7034,-111.91123613057812,33.38604089620426,External Node,7034,1,25454,13615,0,,,,,,,0,External Node
7035,-111.91772140346576,33.390741297839654,External Node,7035,1,23474,15325,0,,,,,,,0,External Node
7036,-111.92299583044068,33.39074192854309,External Node,7036,1,21864,15325,0,,,,,,,0,External Node
7037,-111.92456890907937,33.38598779141671,External Node,7037,1,21384,13595,0,,,,,,,0,External Node
7038,-111.92456900272217,33.38521831194084,External Node,7038,1,21384,13315,0,,,,,,,0,External Node
7040,-111.92850000829306,33.38516362353799,External Node,7040,1,20184,13295,0,,,,,,,0,External Node
7041,-111.92849994822566,33.385946843732974,External Node,7041,1,20184,13580,0,,,,,,,0,External Node
7042,-111.93508442666008,33.388818831026164,External Node,7042,1,18174,14625,0,,,,,,,0,External Node
7043,-111.9375151814593,33.388269181522745,External Node,7043,1,17432,14425,0,,,,,,,0,External Node
7044,-111.93695166862183,33.385795864401025,External Node,7044,1,17604,13525,0,,,,,,,0,External Node
7045,-111.93695166090244,33.38541112465667,External Node,7045,1,17604,13385,0,,,,,,,0,External Node
7046,-111.93946395228197,33.37969217945759,Bend,7046,2,16837,11304,0,,,,,,,0,Bend
7047,-111.94219300761281,33.38541093997877,External Node,7047,1,16004,13385,0,,,,,,,0,External Node
7048,-111.94219303841827,33.38579567972044,External Node,7048,1,16004,13525,0,,,,,,,0,External Node
7049,-111.94222600258904,33.38835144840473,External Node,7049,1,15994,14455,0,,,,,,,0,External Node
7050,-111.94379869494811,33.39074223056437,External Node,7050,1,15514,15325,0,,,,,,,0,External Node
7051,-111.94795926782035,33.390741872531876,External Node,7051,1,14244,15325,0,,,,,,,0,External Node
7053,-111.96104767282095,33.381761661233746,Bend,7053,2,10248,12058,0,,,,,,,0,Bend
7054,-111.92944791986204,33.4167397332578,Unsignalized,7054,3,19894,24785,0,,,,,,,0,Unsignalized
7055,-111.9635224037553,33.39671649520333,External Node,7055,1,9494,17500,0,,,,,,,0,External Node
7057,-111.96352467292915,33.40371049678154,External Node,7057,1,9494,20045,0,,,,,,,0,External Node
7059,-111.96290527841022,33.41362039584522,Bend,7059,2,9684,23651,0,,,,,,,0,Bend
7060,-111.98404594544266,33.42194069642345,External Node,7060,1,3234,26681,0,,,,,,,0,External Node
7061,-111.96353176636059,33.425558112931434,External Node,7061,1,9494,27995,0,,,,,,,0,External Node
7201,-111.95828800839992,33.42555919981994,External Node,7201,1,11094,27995,0,,,,,,,0,External Node
7202,-111.94467434021452,33.42960072668917,External Node,7202,1,15248,29465,0,,,,,,,0,External Node
7203,-111.94343213630741,33.429271040773365,External Node,7203,1,15627,29345,0,,,,,,,0,External Node
7204,-111.94445778883401,33.427374764228155,External Node,7204,1,15314,28655,0,,,,,,,0,External Node
7205,-111.94717778454266,33.42547832657724,External Node,7205,1,14484,27965,0,,,,,,,0,External Node
7207,-111.94170413951943,33.41907560370938,External Node,7207,1,16154,25635,0,,,,,,,0,External Node
7208,-111.93842703426992,33.41907573226534,External Node,7208,1,17154,25635,0,,,,,,,0,External Node
7209,-111.93823046047655,33.42058720644047,External Node,7209,1,17214,26185,0,,,,,,,0,External Node
7210,-111.93672296594012,33.420587234118386,External Node,7210,1,17674,26185,0,,,,,,,0,External Node
7211,-111.9367230139504,33.423335359021095,External Node,7211,1,17674,27185,0,,,,,,,0,External Node
7212,-111.93823055598088,33.42333533134032,External Node,7212,1,17214,27185,0,,,,,,,0,External Node
7213,-111.93903347993451,33.423197902903816,External Node,7213,1,16969,27135,0,,,,,,,0,External Node
7214,-111.94170444692763,33.42319779158712,External Node,7214,1,16154,27135,0,,,,,,,0,External Node
7215,-111.94170453301314,33.424352003701195,External Node,7215,1,16154,27555,0,,,,,,,0,External Node
7216,-111.93842722953002,33.42435213228277,External Node,7216,1,17154,27555,0,,,,,,,0,External Node
7217,-111.93842734142072,33.42737506776725,External Node,7217,1,17154,28655,0,,,,,,,0,External Node
7219,-111.93223988285112,33.418388707383315,External Node,7219,1,19042,25385,0,,,,,,,0,External Node
7221,-111.91774752714754,33.4239387281031,External Node,7221,1,23464,27405,0,,,,,,,0,External Node
7222,-111.9102444090537,33.41739690721038,External Node,7222,1,25754,25025,0,,,,,,,0,External Node
7223,-111.90650858109491,33.417396099488606,External Node,7223,1,26894,25025,0,,,,,,,0,External Node
7224,-111.90480118667399,33.42695916667385,External Node,7224,1,27414,28505,0,,,,,,,0,External Node
7225,-111.90054158499105,33.42439130272628,External Node,7225,1,28714,27571,0,,,,,,,0,External Node
7226,-111.90054349790884,33.41957658879627,External Node,7226,1,28714,25819,0,,,,,,,0,External Node
7227,-111.88320698462972,33.420458178791954,External Node,7227,1,34004,26142,0,,,,,,,0,External Node
7232,-111.88645351505896,33.41662036491374,External Node,7232,1,33014,24745,0,,,,,,,0,External Node
7233,-111.88927368430534,33.41293894978958,External Node,7233,1,32154,23405,0,,,,,,,0,External Node
7234,-111.89618612018872,33.41689861998114,External Node,7234,1,30044,24845,0,,,,,,,0,External Node
7235,-111.89618813529381,33.41239169086341,External Node,7235,1,30044,23205,0,,,,,,,0,External Node
7236,-111.90152766817829,33.41690018474667,External Node,7236,1,28414,24845,0,,,,,,,0,External Node
7237,-111.90152940738086,33.412393255362716,External Node,7237,1,28414,23205,0,,,,,,,0,External Node
7238,-111.90716524336634,33.413493908330956,External Node,7238,1,26694,23605,0,,,,,,,0,External Node
7239,-111.91237478838255,33.41624310406901,External Node,7239,1,25104,24605,0,,,,,,,0,External Node
7240,-111.91237579477331,33.41239572476304,External Node,7240,1,25104,23205,0,,,,,,,0,External Node
7241,-111.91774986662891,33.412242701747886,External Node,7241,1,23464,23149,0,,,,,,,0,External Node
7242,-111.920502412034,33.4122870284061,External Node,7242,1,22624,23165,0,,,,,,,0,External Node
7243,-111.92371364932983,33.41286447434081,External Node,7243,1,21644,23375,0,,,,,,,0,External Node
7244,-111.9237140146435,33.41008886354549,External Node,7244,1,21644,22365,0,,,,,,,0,External Node
7245,-111.9307916608489,33.41349699730844,External Node,7245,1,19484,23605,0,,,,,,,0,External Node
7246,-111.93292155698637,33.41679480820272,External Node,7246,1,18834,24805,0,,,,,,,0,External Node
7247,-111.93292166458393,33.412672616040034,External Node,7247,1,18834,23305,0,,,,,,,0,External Node
7248,-111.93508438990762,33.41679482905556,External Node,7248,1,18174,24805,0,,,,,,,0,External Node
7249,-111.93714891224165,33.416794813785984,External Node,7249,1,17544,24805,0,,,,,,,0,External Node
7250,-111.9582847356002,33.413192633598364,External Node,7250,1,11094,23495,0,,,,,,,0,External Node
7251,-111.95828222780678,33.403711582773916,External Node,7251,1,11094,20045,0,,,,,,,0,External Node
7252,-111.95828032412176,33.396511470714536,External Node,7252,1,11094,17425,0,,,,,,,0,External Node
7253,-111.94484806681537,33.4001407807704,External Node,7253,1,15194,18745,0,,,,,,,0,External Node
7254,-111.94334092544268,33.40014088880999,External Node,7254,1,15654,18745,0,,,,,,,0,External Node
7255,-111.92895731668024,33.40346624087812,External Node,7255,1,20044,19955,0,,,,,,,0,External Node
7256,-111.92371488613031,33.40346586642533,External Node,7256,1,21644,19955,0,,,,,,,0,External Node
7257,-111.91536031842915,33.40101897304567,External Node,7257,1,24194,19065,0,,,,,,,0,External Node
7258,-111.91175649944255,33.40008397888399,External Node,7258,1,25294,18725,0,,,,,,,0,External Node
7259,-111.89745177213882,33.400080451993745,External Node,7259,1,29660,18725,0,,,,,,,0,External Node
7260,-111.89171907574405,33.40467070644059,External Node,7260,1,31409,20396,0,,,,,,,0,External Node
7261,-111.89092287068529,33.40467042488437,External Node,7261,1,31652,20396,0,,,,,,,0,External Node
7262,-111.891045345809,33.39573628413648,External Node,7262,1,31616,17145,0,,,,,,,0,External Node
7263,-111.89166422830044,33.39638781104035,External Node,7263,1,31427,17382,0,,,,,,,0,External Node
7264,-111.90055276562194,33.39623396717588,External Node,7264,1,28714,17325,0,,,,,,,0,External Node
7265,-111.90484503205644,33.395135836726766,External Node,7265,1,27404,16925,0,,,,,,,0,External Node
7266,-111.91772052340346,33.395138318080264,External Node,7266,1,23474,16925,0,,,,,,,0,External Node
7267,-111.92299521596416,33.39513894888845,External Node,7267,1,21864,16925,0,,,,,,,0,External Node
7268,-111.94795991034007,33.395138892867934,External Node,7268,1,14244,16925,0,,,,,,,0,External Node
7269,-111.89170264417442,33.411343162217165,External Node,7269,1,31413,22824,0,,,,,,,0,External Node
7270,-111.89107716026119,33.4105762132376,External Node,7270,1,31604,22545,0,,,,,,,0,External Node
7271,-111.9177504952441,33.40909884127341,External Node,7271,1,23464,22005,0,,,,,,,0,External Node
7272,-111.9226329028943,33.40854980568648,External Node,7272,1,21974,21805,0,,,,,,,0,External Node
7273,-111.94245792860491,33.41973511214,External Node,7273,1,15924,25875,0,,,,,,,0,External Node
7274,-111.89113838028823,33.41912291225505,External Node,7274,1,31584,25655,0,,,,,,,0,External Node
7275,-111.89176103056921,33.419123131839434,External Node,7275,1,31394,25655,0,,,,,,,0,External Node
7287,-111.94105249144918,33.42646534305338,External Node,7287,1,16353,28324,0,,,,,,,0,External Node
7288,-111.90651541883275,33.396592746315704,External Node,7288,1,26894,17455,0,,,,,,,0,External Node
7289,-111.88484936474296,33.41387159677684,External Node,7289,1,33504,23745,0,,,,,,,0,External Node
7290,-111.90047944502587,33.41583362246757,External Node,7290,1,28734,24457,0,,,,,,,0,External Node
7291,-111.93714885328532,33.414156611117356,External Node,7291,1,17544,23845,0,,,,,,,0,External Node
7292,-111.9117569717045,33.398325172631765,External Node,7292,1,25294,18085,0,,,,,,,0,External Node
7293,-111.95958837884487,33.3877446601836,External Node,7293,1,10694,14235,0,,,,,,,0,External Node
7295,-111.95958807189992,33.38664540415287,External Node,7295,1,10694,13835,0,,,,,,,0,External Node
7296,-111.94799479915723,33.40964903446073,External Node,7296,1,14234,22205,0,,,,,,,0,External Node
7297,-111.9479941545262,33.40525202442371,External Node,7297,1,14234,20605,0,,,,,,,0,External Node
7298,-111.92263337768809,33.40525204786319,External Node,7298,1,21974,20605,0,,,,,,,0,External Node
7299,-111.89776373660611,33.406071476546956,External Node,7299,1,29564,20905,0,,,,,,,0,External Node
7300,-111.89769702344633,33.408819587511715,External Node,7300,1,29584,21905,0,,,,,,,0,External Node
7301,-111.95543232346982,33.406625100434695,External Node,7301,1,11964,21105,0,,,,,,,0,External Node
7302,-111.95543270572941,33.40827397913694,External Node,7302,1,11964,21705,0,,,,,,,0,External Node
7303,-111.92110790548742,33.41676929569683,External Node,7303,1,22439,24796,0,,,,,,,0,External Node
7304,-111.91775120946113,33.405526270615574,External Node,7304,1,23464,20705,0,,,,,,,0,External Node
7305,-111.90880834470796,33.398104729757975,External Node,7305,1,26194,18005,0,,,,,,,0,External Node
8055,-111.89051428009329,33.4219532579832,Signalized,8055,0,31774,26685,0,,,,,,,0,Signalized
